request_id,requester_received_pizza
t3_qysgy,0.7156
t3_toxi0,0.6854
t3_12s9wy,0.2187
t3_j78hw,0.562
t3_ict80,0.6359
t3_xbms1,0.2935
t3_v0nep,0.3451
t3_18fbqf,0.3712
t3_wxes5,0.662
t3_vr626,0.7941
t3_1cxwov,0.6404
t3_ocy5a,0.6328
t3_jui7f,0.5433
t3_12zfh3,0.3169
t3_uqp0c,0.6712
t3_rlqcj,0.1531
t3_jzbel,0.6995
t3_x4pq4,0.6293
t3_rlqw0,0.4686
t3_1c9wej,0.7162
t3_qi350,0.5292
t3_14yl3j,0.5983
t3_ska6s,0.7188
t3_tqyet,0.6174
t3_144g0n,0.1373
t3_pbztp,0.6976
t3_l3a1p,0.6775
t3_o8nap,0.6979
t3_xtx62,0.3309
t3_ienv4,0.3239
t3_1hgtzs,0.7187
t3_kvu06,0.2068
t3_lcqaj,0.6966
t3_o31ku,0.6772
t3_1jafc3,0.2417
t3_1jkuj5,0.3426
t3_ln1qn,0.6102
t3_pmmh9,0.7044
t3_iejp5,0.6721
t3_l65kv,0.2986
t3_1dnhcy,0.1147
t3_tagb8,0.7146
t3_ik2xk,0.3594
t3_1fi3qg,0.4518
t3_nylck,0.3255
t3_w8j3r,0.587
t3_qsrgg,0.6556
t3_j87d2,0.386
t3_ob0s4,0.7434
t3_u3lgo,0.3259
t3_ioy71,0.4943
t3_pypw7,0.2212
t3_na9ck,0.4626
t3_1ik128,0.5826
t3_p7iuv,0.5765
t3_iaeax,0.2566
t3_1iarcu,0.3377
t3_m0x5b,0.7624
t3_1js4bg,0.691
t3_lfob1,0.3992
t3_pds2z,0.6103
t3_v94b3,0.2426
t3_zkc8o,0.1479
t3_1ekg5c,0.5097
t3_icpji,0.2454
t3_hy0vl,0.3939
t3_iswig,0.202
t3_jirrd,0.3239
t3_p58x5,0.4592
t3_is7uc,0.6651
t3_mzewd,0.6995
t3_qsar9,0.6764
t3_1cc1fm,0.3297
t3_k87xw,0.3771
t3_1dr9hu,0.3724
t3_kl2qa,0.3414
t3_1la4qw,0.3551
t3_1mwwu5,0.6598
t3_jtbys,0.4943
t3_uamvp,0.6222
t3_ikaoj,0.7448
t3_wf6gt,0.6324
t3_i7s77,0.3681
t3_iqm6n,0.6653
t3_v8h8a,0.644
t3_1g9has,0.1726
t3_1k5zsu,0.1097
t3_18yxt1,0.1284
t3_1235kc,0.1308
t3_1jutwq,0.1347
t3_17spch,0.2866
t3_o2vp7,0.1974
t3_1mes3v,0.1096
t3_y0ano,0.1709
t3_icpmu,0.3532
t3_16w4zn,0.1238
t3_1j4lyi,0.1005
t3_w3orz,0.1428
t3_109v9l,0.1516
t3_rdccm,0.1678
t3_y3otl,0.2522
t3_1imrjn,0.3355
t3_1meso5,0.1709
t3_ji3ev,0.3969
t3_riq8i,0.16
t3_o8mv5,0.1567
t3_kbmzh,0.2844
t3_sqs7r,0.1909
t3_huwzw,0.3195
t3_193nh9,0.1492
t3_135bmx,0.1144
t3_18qrhq,0.18
t3_wecef,0.1874
t3_w3q7n,0.6252
t3_flezd,0.4311
t3_10w7r5,0.1869
t3_uazup,0.1242
t3_14koem,0.1332
t3_y87jg,0.1679
t3_1h3382,0.1098
t3_jawug,0.1559
t3_nyxfh,0.258
t3_jnmv8,0.1748
t3_1eish8,0.1672
t3_1lfquz,0.1357
t3_18h7g0,0.1648
t3_te3za,0.188
t3_mdn29,0.1935
t3_j1hth,0.2862
t3_1apfqa,0.275
t3_nj2oc,0.1968
t3_1i8m5d,0.3583
t3_t07rd,0.268
t3_1mmcps,0.0962
t3_1dna10,0.3957
t3_1fxr0z,0.1185
t3_vk1v9,0.1472
t3_1fot3u,0.1628
t3_1iw4au,0.1258
t3_1jwtws,0.3854
t3_lmclj,0.2713
t3_13uiu9,0.2034
t3_1a94mq,0.1773
t3_xb0l7,0.272
t3_jyf1u,0.1824
t3_1lsz31,0.1457
t3_odnwf,0.4444
t3_tynyu,0.2742
t3_lyldy,0.212
t3_pk4tr,0.1924
t3_ibvs1,0.2301
t3_iu8gt,0.2822
t3_iu9ym,0.1962
t3_r23hv,0.1743
t3_1k1s3k,0.2278
t3_1cndjm,0.2704
t3_172og2,0.1266
t3_mdqgh,0.2296
t3_14j1b2,0.1135
t3_1lhdz9,0.0984
t3_ucleb,0.1519
t3_1ih4cz,0.2285
t3_p4bbz,0.6598
t3_xh7vf,0.164
t3_z3v1w,0.2028
t3_ioo07,0.2582
t3_j0qo2,0.2218
t3_iddhq,0.363
t3_yej9b,0.1913
t3_igo1i,0.246
t3_jbkeh,0.2029
t3_yyutk,0.5322
t3_j1qeu,0.3327
t3_1mkmc7,0.1478
t3_i94gr,0.2631
t3_mwbd6,0.4111
t3_icda4,0.3895
t3_19z0qn,0.3769
t3_1f77ml,0.282
t3_lovls,0.3708
t3_nu7h8,0.1167
t3_1fxt00,0.0918
t3_ij5u9,0.1423
t3_1kj6vm,0.195
t3_173905,0.1204
t3_1msp19,0.3827
t3_16aprw,0.1617
t3_1btika,0.111
t3_11z0f9,0.1182
t3_rf5th,0.1898
t3_k6rmw,0.2021
t3_mbh9r,0.3723
t3_kteng,0.6556
t3_1j3tlg,0.175
t3_umy6v,0.4971
t3_iqryn,0.257
t3_1da9ae,0.307
t3_1iupjn,0.2914
t3_tk9mh,0.2072
t3_l94vi,0.4006
t3_1lj50s,0.2292
t3_idnpm,0.2862
t3_hv7pl,0.2674
t3_128ih7,0.1356
t3_p8axs,0.1288
t3_jvamr,0.203
t3_1eudfd,0.2487
t3_12y1ie,0.2141
t3_ivnss,0.3001
t3_mihxn,0.1899
t3_1msh0x,0.1308
t3_1d4pw9,0.1254
t3_jua19,0.2409
t3_10rvrc,0.1838
t3_y3e7l,0.2186
t3_v0h9r,0.115
t3_rpw8f,0.4391
t3_i3mry,0.33
t3_o7842,0.2158
t3_r454z,0.2419
t3_1gb0m2,0.1784
t3_wy35k,0.2095
t3_n2vwy,0.1999
t3_13l0bg,0.3753
t3_kfq6s,0.2753
t3_13pfym,0.3274
t3_10rx08,0.2296
t3_tow71,0.65
t3_li286,0.1905
t3_1hwx9u,0.419
t3_sxbtk,0.2064
t3_tab3g,0.1606
t3_jsdsk,0.225
t3_n175l,0.274
t3_wawei,0.1489
t3_sbnbg,0.1928
t3_1e4lzb,0.2666
t3_1ii7cp,0.1337
t3_1d743u,0.1723
t3_1mgesx,0.1408
t3_1bvqrf,0.1532
t3_1mliru,0.1838
t3_vcq8s,0.1709
t3_pa1lo,0.2915
t3_1dviqi,0.1455
t3_p89qz,0.1437
t3_1516p2,0.1621
t3_1mukqx,0.1678
t3_wyw65,0.1812
t3_1lhw18,0.1022
t3_jq3x6,0.12
t3_1bkslu,0.103
t3_vrgzp,0.193
t3_ixwsv,0.2048
t3_ugq11,0.1328
t3_hws5c,0.2098
t3_w1omy,0.2133
t3_jb79g,0.2228
t3_jvv9g,0.2448
t3_mc8or,0.2795
t3_1eecka,0.2784
t3_zctqo,0.1114
t3_hvsln,0.3093
t3_1kwu2y,0.162
t3_1lhrmf,0.1148
t3_k84n9,0.3789
t3_1cniet,0.2711
t3_10fc3l,0.2168
t3_11jhye,0.2065
t3_z1pmn,0.2076
t3_1l5oal,0.1162
t3_10lit4,0.1496
t3_zm9r7,0.1398
t3_k2m6f,0.2171
t3_is4bx,0.1409
t3_j4f1b,0.2071
t3_1lbper,0.1193
t3_13shfa,0.2989
t3_kps7l,0.2394
t3_loudp,0.3129
t3_17dgf1,0.2238
t3_mak5d,0.197
t3_1nbc0n,0.1245
t3_1gu3j5,0.1381
t3_tdw3i,0.2146
t3_1iv3bw,0.2072
t3_uhp3f,0.249
t3_kri7t,0.1154
t3_oemz5,0.1232
t3_itaya,0.2156
t3_wzfa1,0.1478
t3_qhhxl,0.3242
t3_rjw7q,0.3369
t3_kx48b,0.1519
t3_1gxmkx,0.1681
t3_lgixi,0.4124
t3_xkoil,0.404
t3_12z8ak,0.2391
t3_icvqh,0.3055
t3_j1w49,0.27
t3_mku4m,0.2056
t3_pob6f,0.234
t3_qfg06,0.265
t3_1gx7x0,0.3321
t3_14n620,0.1238
t3_x3zw7,0.3927
t3_16ni9v,0.1147
t3_119xz7,0.1515
t3_1mwmio,0.1082
t3_rcb83,0.3297
t3_117x8e,0.1414
t3_icbf1,0.2474
t3_189pw1,0.2254
t3_1mhp40,0.1184
t3_hzrki,0.2007
t3_1num5h,0.2176
t3_1jwjz1,0.1174
t3_1kk8i1,0.5825
t3_1cw5y4,0.1223
t3_1mh9l8,0.0877
t3_hyvp0,0.3177
t3_l14d4,0.1812
t3_kwj17,0.387
t3_yvy67,0.1805
t3_12hkef,0.1019
t3_rekw2,0.1104
t3_19cufc,0.1434
t3_1glt4w,0.1873
t3_13s53x,0.6427
t3_yzjva,0.255
t3_itu81,0.2195
t3_1ipzb6,0.2297
t3_11lmex,0.2288
t3_17rgbn,0.1697
t3_1e4dic,0.1535
t3_1bvvu0,0.1923
t3_vjsze,0.195
t3_yemx8,0.1831
t3_k5n0s,0.1816
t3_li7nr,0.23
t3_ryku2,0.2978
t3_tqpmx,0.1857
t3_rzw92,0.3356
t3_nctcy,0.2332
t3_162rga,0.2732
t3_j4i0t,0.176
t3_whd66,0.1082
t3_1edtyp,0.1333
t3_1n3y6g,0.2906
t3_jyac3,0.4383
t3_160var,0.6022
t3_usk00,0.1757
t3_1bbnw0,0.1137
t3_iguxb,0.3665
t3_1epzt6,0.1491
t3_qkokx,0.1603
t3_1lzgcg,0.1181
t3_iyrge,0.2976
t3_13mlby,0.1838
t3_1bydz5,0.1484
t3_qt4v3,0.2804
t3_j680o,0.6399
t3_1di6wv,0.2446
t3_tl7q7,0.6775
t3_15chud,0.6969
t3_oh0h4,0.37
t3_n5a6g,0.4126
t3_1m54cl,0.6853
t3_1l297j,0.0939
t3_15xzhy,0.3176
t3_krb3m,0.6084
t3_hub23,0.5835
t3_krx2p,0.5886
t3_n6guj,0.3637
t3_ionv5,0.3863
t3_vtgdh,0.6774
t3_kwquh,0.3946
t3_jssxl,0.5657
t3_kfn62,0.6618
t3_qm94i,0.3686
t3_iawlc,0.3261
t3_1cc30t,0.6783
t3_q21uq,0.1923
t3_ma4bd,0.3892
t3_mcez6,0.3531
t3_1fw7rg,0.4854
t3_hvtd1,0.4073
t3_jtkzo,0.4521
t3_lc8mi,0.6861
t3_lcoa8,0.3499
t3_mdb8o,0.7153
t3_ks6b5,0.2357
t3_k99oh,0.3546
t3_mywl8,0.525
t3_o8aso,0.4057
t3_hux4g,0.3011
t3_j79wu,0.7086
t3_so8v3,0.6912
t3_jod1x,0.5778
t3_1kjz61,0.6457
t3_ss0dh,0.2761
t3_ifbh8,0.3471
t3_1msykf,0.3722
t3_1cfb3h,0.7111
t3_idifo,0.3005
t3_hv3vp,0.4709
t3_l1wdk,0.6315
t3_17jl6h,0.192
t3_15uyq3,0.6562
t3_1cflvh,0.3877
t3_kj1lv,0.4028
t3_jmrck,0.3422
t3_12p0tt,0.2997
t3_s2jyh,0.6739
t3_k5tc5,0.4499
t3_1crwpr,0.6604
t3_xd34k,0.418
t3_1cke6u,0.6988
t3_1ms6g8,0.3156
t3_1abbu1,0.6463
t3_167owz,0.7375
t3_1ndzxb,0.1846
t3_ibvsg,0.5204
t3_1cdway,0.2826
t3_1g76mq,0.6742
t3_uqpwq,0.6674
t3_1iax6l,0.1988
t3_jj4jj,0.3525
t3_iuahk,0.3984
t3_p4bhk,0.684
t3_ikszl,0.6237
t3_mndty,0.6547
t3_i5c8j,0.473
t3_maz1g,0.6327
t3_zkkxp,0.6825
t3_txxhe,0.6685
t3_mofqr,0.3307
t3_n1kit,0.2605
t3_1cfe7o,0.1728
t3_1i26al,0.1044
t3_11cqd5,0.5922
t3_1kmezg,0.1976
t3_hrurv,0.3796
t3_if1m4,0.2533
t3_w4fdd,0.5462
t3_pgkkz,0.3209
t3_19t19f,0.3686
t3_1is63m,0.6694
t3_idhoq,0.4014
t3_ybz2k,0.4296
t3_1ef88p,0.3346
t3_kj1cx,0.3558
t3_ikmmp,0.3964
t3_1g7mg9,0.4696
t3_14sy0u,0.5888
t3_1idz1m,0.2939
t3_iuysl,0.3425
t3_107rut,0.6935
t3_q778f,0.6647
t3_qklf1,0.6045
t3_lcl28,0.2558
t3_jas9j,0.1292
t3_14ceg8,0.1753
t3_nucpj,0.5301
t3_15e5xr,0.3887
t3_vc4hg,0.6356
t3_1eje4d,0.5668
t3_szxpk,0.4709
t3_1h5oec,0.2104
t3_m6zgt,0.3524
t3_16cswq,0.6706
t3_i88xi,0.4862
t3_wvu7d,0.7319
t3_18117p,0.3005
t3_hhgic,0.6212
t3_ijcon,0.5383
t3_ibfwq,0.3987
t3_1291w9,0.7444
t3_pulck,0.3462
t3_1a4uso,0.6455
t3_iienh,0.6182
t3_ijbt4,0.4696
t3_185l84,0.4071
t3_16upcl,0.367
t3_im138,0.3865
t3_j6wv1,0.1732
t3_1ee43k,0.5838
t3_1evf1g,0.6017
t3_yj539,0.2942
t3_14mv11,0.4575
t3_wshre,0.6424
t3_hxe8a,0.4654
t3_14gmeb,0.1515
t3_xaqvl,0.1699
t3_mr2km,0.3821
t3_lmjz4,0.7085
t3_14dtyz,0.328
t3_i8bgo,0.3949
t3_i693s,0.2996
t3_seser,0.5779
t3_l5bde,0.2871
t3_p6o4h,0.6796
t3_sgja0,0.3432
t3_vwaq0,0.6086
t3_rgzga,0.2155
t3_16pguo,0.1278
t3_uhiez,0.5813
t3_q2x4u,0.6402
t3_12p14p,0.6115
t3_vwgnh,0.6657
t3_1lixj3,0.588
t3_k6kho,0.4841
t3_1f3w97,0.431
t3_1bkedk,0.7309
t3_n33bt,0.4528
t3_17pb84,0.6617
t3_l9g0n,0.6402
t3_174u7e,0.7208
t3_195mf3,0.2491
t3_ojq68,0.2488
t3_jruny,0.2433
t3_12b3w7,0.1502
t3_1ejbbj,0.5922
t3_jinqa,0.2686
t3_16ukpa,0.4628
t3_1muiqm,0.2835
t3_1n4znx,0.5084
t3_oijja,0.3502
t3_jd4dp,0.3149
t3_lx5xj,0.5232
t3_1iaji5,0.6722
t3_ibsys,0.3619
t3_1jgj2w,0.5343
t3_ldp4g,0.3417
t3_uyapc,0.7261
t3_kyth8,0.3105
t3_i7pk6,0.3872
t3_1jzamt,0.5448
t3_oqt9r,0.2304
t3_1l6t09,0.453
t3_pzkzj,0.3329
t3_hu593,0.2944
t3_jh8ly,0.1759
t3_wgk03,0.7033
t3_i49s7,0.5598
t3_ivw59,0.1966
t3_j94no,0.1175
t3_ualoh,0.3461
t3_1kya1w,0.2542
t3_ide15,0.3168
t3_182za3,0.499
t3_18zn0d,0.2948
t3_ijyyg,0.6835
t3_kwqew,0.3366
t3_lfdif,0.5248
t3_krtse,0.6004
t3_jr1lq,0.7523
t3_1mqs3k,0.1944
t3_p5o8n,0.6604
t3_icsm3,0.4575
t3_mndly,0.3871
t3_pb1sl,0.6659
t3_qpu20,0.3077
t3_jwnz8,0.6584
t3_lcs2n,0.3853
t3_17k605,0.6193
t3_zsogn,0.506
t3_p863y,0.7345
t3_jrd0h,0.1343
t3_icw5d,0.2566
t3_kfxsm,0.5139
t3_1o0isr,0.2969
t3_lcrh0,0.2505
t3_181wsu,0.6719
t3_j66zi,0.383
t3_xb4nc,0.6581
t3_utfrj,0.2981
t3_10rvni,0.2386
t3_mfrzo,0.4553
t3_ikmen,0.2978
t3_hucws,0.4301
t3_sp8xg,0.6516
t3_11lvl7,0.4181
t3_11zb19,0.6506
t3_i27g2,0.3982
t3_12m83b,0.2332
t3_17eltw,0.6403
t3_id8n9,0.4777
t3_tfla1,0.6594
t3_1d7z1r,0.4445
t3_j88fc,0.3542
t3_ihosh,0.1801
t3_1krjd9,0.6204
t3_yh0nz,0.2557
t3_li965,0.5254
t3_if1u3,0.265
t3_j8fnb,0.6439
t3_1id1k2,0.1172
t3_xb4id,0.7464
t3_qljyk,0.529
t3_1bkxgh,0.7028
t3_wwavt,0.651
t3_1l2b0y,0.1946
t3_117nr2,0.1749
t3_1l3540,0.1735
t3_1iarkw,0.1211
t3_socp8,0.1719
t3_m5hy1,0.2191
t3_kwodq,0.2491
t3_mxsww,0.2917
t3_1es4fc,0.1604
t3_19hqs4,0.2458
t3_1ktwwv,0.1948
t3_19eisi,0.2252
t3_1jgnj6,0.262
t3_hicex,0.2897
t3_1iveja,0.1536
t3_14vtze,0.1775
t3_sya7k,0.1989
t3_lkcdk,0.2487
t3_jx8fn,0.369
t3_1m9jww,0.1134
t3_ja0xm,0.2171
t3_hrudm,0.2716
t3_icc4d,0.2144
t3_17ifsw,0.1749
t3_x37fw,0.323
t3_1f7i09,0.2109
t3_1jgp51,0.1827
t3_ncvir,0.3645
t3_lbp8d,0.3138
t3_ki3f0,0.2821
t3_l268t,0.2209
t3_je2hx,0.2086
t3_1ipj85,0.0956
t3_17lx74,0.2001
t3_10s5ql,0.1886
t3_k6cpz,0.1667
t3_jfe2h,0.2412
t3_jht52,0.2398
t3_w0fy2,0.235
t3_n4zpe,0.2104
t3_rox61,0.2761
t3_1b6136,0.1399
t3_1co4xc,0.0999
t3_hlvzn,0.29
t3_q35zd,0.2207
t3_lmy9r,0.4142
t3_1iw3bk,0.1031
t3_1ayawz,0.1521
t3_kqjm9,0.153
t3_u90cl,0.1378
t3_11newy,0.1667
t3_j9ae8,0.1779
t3_130lw0,0.1383
t3_1mlub9,0.2402
t3_l5j81,0.2449
t3_15uw0s,0.1758
t3_ifzpe,0.2055
t3_kowq2,0.3125
t3_xjnsg,0.1314
t3_sujtn,0.1466
t3_1nadhy,0.1282
t3_1mx8pz,0.1226
t3_j85wn,0.5771
t3_i9cf1,0.1911
t3_1mm4im,0.3203
t3_jdfh6,0.1234
t3_14sqs0,0.1349
t3_opm4a,0.153
t3_yc850,0.2996
t3_12gu82,0.1043
t3_vuunv,0.1541
t3_kas3t,0.2279
t3_11zxa9,0.1089
t3_kuikd,0.3073
t3_nghtu,0.2263
t3_14th0i,0.1711
t3_ofixj,0.1862
t3_121puf,0.1729
t3_ixo28,0.2834
t3_10aewu,0.1123
t3_jsz3b,0.3248
t3_1lvmjt,0.1483
t3_1lvypa,0.138
t3_1ehbb9,0.1644
t3_1jnlu1,0.2216
t3_1iv2wh,0.2446
t3_kuii8,0.2821
t3_lwvxc,0.2513
t3_t02ly,0.1563
t3_1ifvl5,0.2352
t3_1lq7rz,0.1281
t3_zm5zn,0.1534
t3_11v41i,0.1685
t3_sy52f,0.1516
t3_leogq,0.1775
t3_nkp9o,0.4175
t3_16op6o,0.2491
t3_1eva7f,0.1632
t3_il2l9,0.3898
t3_1irhv8,0.2661
t3_1m4zxu,0.2142
t3_qht9n,0.178
t3_1cavhs,0.1927
t3_1lfil3,0.096
t3_19npzl,0.239
t3_y42wf,0.1379
t3_17ng3y,0.2661
t3_m6v9p,0.3837
t3_j3px1,0.2613
t3_kvzub,0.1923
t3_ly6a7,0.374
t3_junbn,0.6033
t3_ibvsr,0.4191
t3_1g5lfz,0.2396
t3_z1wyp,0.1487
t3_10qvae,0.3017
t3_1irtiu,0.1517
t3_1hdosr,0.1716
t3_1j1w1c,0.0934
t3_1j1mip,0.1102
t3_1cc949,0.3006
t3_xl5wz,0.2198
t3_obtjw,0.1544
t3_zqykg,0.2322
t3_rk5ky,0.1897
t3_1id2lm,0.2115
t3_kltwg,0.1634
t3_101uyy,0.1204
t3_la7ul,0.3734
t3_jxhwl,0.1473
t3_ic26b,0.3029
t3_tpt92,0.2096
t3_ix8ze,0.1564
t3_pb65f,0.3607
t3_1fhvt9,0.2514
t3_1m9lk6,0.1193
t3_q745h,0.2005
t3_1jjeka,0.1875
t3_1jd5t9,0.0975
t3_jise8,0.2079
t3_10bxbt,0.2958
t3_16g44g,0.1311
t3_ioj2z,0.2146
t3_ksmnr,0.2781
t3_iomu0,0.3331
t3_yhpux,0.1649
t3_ws4cy,0.3145
t3_1jpq2m,0.2126
t3_1eq5hr,0.3156
t3_10ogaj,0.1436
t3_jqwa9,0.4503
t3_16wb5q,0.1674
t3_16s4f9,0.1546
t3_10u70o,0.1461
t3_1izixi,0.3171
t3_1b3bt4,0.1363
t3_i04fh,0.3855
t3_12td6i,0.1413
t3_15dlja,0.432
t3_1izxda,0.1133
t3_vwcvk,0.1746
t3_qc29b,0.1252
t3_18k1dz,0.233
t3_10rj64,0.1018
t3_1cr0e7,0.3113
t3_qwu55,0.3394
t3_sdado,0.1693
t3_hyf1p,0.2421
t3_158p5l,0.2346
t3_xbp12,0.1854
t3_k6zox,0.4853
t3_1ljhdy,0.3784
t3_1bnt9w,0.144
t3_1mzfab,0.1384
t3_12kfb2,0.1206
t3_rs4l6,0.173
t3_1naboz,0.2115
t3_jmdii,0.3805
t3_wz6ms,0.3126
t3_19o5oe,0.1551
t3_125dqb,0.199
t3_u36g0,0.2011
t3_131wfv,0.2938
t3_wwdjm,0.3054
t3_13mrf0,0.1538
t3_ledg8,0.3169
t3_1lof0c,0.3587
t3_i7ioa,0.1965
t3_il4a3,0.2565
t3_v6wse,0.2579
t3_uzcgo,0.2164
t3_1cu1nc,0.1602
t3_1llhu2,0.1118
t3_jcu7r,0.36
t3_hvof7,0.2271
t3_ssyae,0.1684
t3_1n79du,0.3876
t3_igqxh,0.3354
t3_100mod,0.147
t3_14t0bl,0.102
t3_12mhsp,0.1648
t3_utb09,0.2521
t3_1mekgd,0.1927
t3_jzea8,0.2994
t3_1hkyhy,0.6271
t3_qysl8,0.181
t3_huujf,0.1729
t3_13ump5,0.213
t3_huju7,0.2481
t3_kr8h8,0.3578
t3_u2x1g,0.1394
t3_1mtdc3,0.2105
t3_1mg5fg,0.2868
t3_1aw5zf,0.1784
t3_opnwu,0.1883
t3_1fhc8g,0.282
t3_iw5d0,0.2065
t3_1fd9qv,0.3629
t3_l3l3g,0.1762
t3_1iiqvf,0.1234
t3_14cptr,0.2831
t3_xkg32,0.1491
t3_1k8kgg,0.3252
t3_1fhq21,0.1211
t3_122usf,0.2354
t3_12rb3l,0.203
t3_1eek5u,0.4239
t3_ktf2k,0.3623
t3_1n6s96,0.3178
t3_12huul,0.2221
t3_1ixzy0,0.2598
t3_18g8j0,0.2004
t3_yc9h5,0.2778
t3_r06f9,0.3162
t3_rcvjr,0.1599
t3_1fof55,0.1764
t3_opobu,0.1869
t3_l1xkw,0.2108
t3_johrr,0.1747
t3_i96xd,0.4638
t3_lm2ed,0.183
t3_l8bnw,0.3678
t3_10w3p4,0.1988
t3_ytlye,0.283
t3_ihbnf,0.1974
t3_1atgfe,0.34
t3_jcrr9,0.1917
t3_lhdt0,0.3302
t3_1ihmtb,0.3024
t3_n5je7,0.2314
t3_1loncc,0.124
t3_ugr68,0.181
t3_12p3az,0.4249
t3_1bh26l,0.1715
t3_12l6ii,0.2195
t3_sdi2k,0.2705
t3_j51bx,0.3214
t3_ibwma,0.5042
t3_xyddn,0.3492
t3_19570a,0.3331
t3_oxtrf,0.1502
t3_kpnkh,0.1597
t3_ilzjk,0.3545
t3_12mgtt,0.372
t3_12laxd,0.1637
t3_iujkk,0.1732
t3_11ydyn,0.2731
t3_zmvrz,0.1839
t3_1a6prl,0.0999
t3_1142bk,0.1609
t3_jxmc6,0.1464
t3_s1us6,0.2433
t3_sj1n4,0.3682
t3_1mtgh9,0.1344
t3_lb0vv,0.345
t3_1iuvj0,0.1143
t3_huozq,0.2437
t3_ry4te,0.2072
t3_1hpzqs,0.3494
t3_pykdb,0.5523
t3_wayzq,0.1393
t3_10nyhz,0.3877
t3_11tekf,0.2031
t3_1ivgyp,0.0873
t3_t3g7k,0.1312
t3_i4uex,0.3495
t3_u03i9,0.161
t3_1ffnnh,0.1657
t3_m5ara,0.1793
t3_1adibf,0.2294
t3_n9saq,0.2523
t3_1lj6nv,0.1447
t3_leh9u,0.2957
t3_kvphl,0.1943
t3_1dytpv,0.1314
t3_1dvlba,0.2878
t3_j6xaf,0.3505
t3_1cpt0u,0.1078
t3_1j2fdd,0.2452
t3_193tya,0.2074
t3_114c6l,0.1803
t3_13rybt,0.1511
t3_poa91,0.1629
t3_jza79,0.1493
t3_1ew6xg,0.1329
t3_o1lf2,0.1966
t3_l3b0f,0.2416
t3_ielvb,0.1749
t3_srnv2,0.1829
t3_xwgmp,0.3458
t3_1bbhuw,0.3056
t3_jrg2c,0.23
t3_sd8rh,0.1494
t3_tlfbv,0.1302
t3_19mdz6,0.2699
t3_ukobz,0.1095
t3_10y7bf,0.1747
t3_rtwya,0.2731
t3_wolhn,0.1692
t3_1k03r5,0.128
t3_1ne448,0.1554
t3_1o2zxa,0.1348
t3_ifd2k,0.1916
t3_1ks9hw,0.1386
t3_1llkg2,0.1516
t3_n1buu,0.3009
t3_xhaqr,0.4306
t3_x6d3a,0.2958
t3_1j33z9,0.1203
t3_liw3m,0.3932
t3_kq6o8,0.1855
t3_s91ps,0.2493
t3_17pqos,0.3753
t3_pb6rm,0.1751
t3_mdvgl,0.4517
t3_jiupg,0.1807
t3_1hbh16,0.1329
t3_1ld1zr,0.1491
t3_1fhosp,0.2233
t3_1bydsc,0.1781
t3_1ltals,0.1722
t3_jxo6o,0.1926
t3_w09z0,0.2226
t3_lg6wm,0.1873
t3_wo39k,0.358
t3_1l4tbw,0.1921
t3_154jkb,0.1983
t3_rtp1p,0.1732
t3_1l2jgl,0.1004
t3_q7dyq,0.1437
t3_yhqes,0.1833
t3_i5y2z,0.3283
t3_tfksg,0.1183
t3_14rldj,0.1673
t3_1n2fv2,0.2732
t3_j55d2,0.2581
t3_jugxr,0.4879
t3_o87o3,0.133
t3_1argwx,0.1291
t3_1acwio,0.4171
t3_167hmn,0.2297
t3_hu8l7,0.3409
t3_1ay6kg,0.2057
t3_1gtx8l,0.1115
t3_ictp4,0.1798
t3_19d7h5,0.2931
t3_s1x66,0.2047
t3_izodc,0.5096
t3_i3p8s,0.219
t3_icpqh,0.212
t3_13ug6n,0.1346
t3_1cq4g9,0.1751
t3_1gooei,0.1489
t3_n474p,0.1532
t3_iaaw6,0.16
t3_1gfuj5,0.2317
t3_1g2ias,0.3707
t3_lef1h,0.367
t3_nxcek,0.4007
t3_19d2sg,0.165
t3_11djlk,0.1417
t3_112ec3,0.2344
t3_xtiat,0.1615
t3_nj0sk,0.2411
t3_1h22pn,0.1761
t3_1lw152,0.1056
t3_1icpql,0.3333
t3_1i6786,0.1478
t3_w3slx,0.2972
t3_jnd7z,0.2006
t3_1is1ux,0.096
t3_lj9bn,0.1435
t3_iskfp,0.222
t3_k9i30,0.1582
t3_1445z4,0.5281
t3_1feuqr,0.2563
t3_1ejqxg,0.1746
t3_q70zy,0.4104
t3_107wh0,0.2101
t3_mr417,0.2078
t3_ukfxm,0.1326
t3_16vnx8,0.187
t3_niyvi,0.1366
t3_kwsfa,0.3136
t3_l7y4a,0.1939
t3_jatz5,0.3054
t3_zopxu,0.2838
t3_1ljq51,0.1061
t3_12ok9j,0.2354
t3_x87gl,0.1824
t3_1iaxs2,0.3212
t3_jeudl,0.4759
t3_1aquqd,0.1661
t3_15qmi3,0.2341
t3_ngtny,0.2305
t3_12mvhx,0.185
t3_17nyu7,0.2561
t3_1fhlps,0.1728
t3_157fqg,0.1538
t3_mqiiz,0.3236
t3_k3zte,0.1889
t3_112lzf,0.1358
t3_17ytg3,0.1383
t3_qwlzl,0.2419
t3_l25d5,0.4084
t3_wq8q1,0.1747
t3_jjjr3,0.1744
t3_12t3gq,0.3907
t3_1kfhz1,0.3188
t3_10s41l,0.1607
t3_ni1uh,0.3161
t3_131abh,0.1576
t3_jytd5,0.1582
t3_jb6p3,0.1478
t3_vexr7,0.1467
t3_14aj2t,0.1873
t3_1ddgqj,0.2802
t3_16glz7,0.1066
t3_1o8uuk,0.2189
t3_1lswd3,0.0962
t3_101vsv,0.1662
t3_m95c2,0.2112
t3_wzo6q,0.1404
t3_w0kpu,0.4049
t3_ktg8y,0.1977
t3_uu8m0,0.4028
t3_1mg7w7,0.3217
t3_1glla8,0.4498
t3_i7obb,0.3033
t3_1cchg5,0.1856
t3_1a1d5k,0.1515
t3_zhkv6,0.1324
t3_1kmnki,0.1301
t3_10qb3u,0.1386
t3_stuny,0.257
t3_mzbad,0.1193
t3_19xmjp,0.3809
t3_1cxvc5,0.1968
t3_1le5sz,0.1614
t3_uqk76,0.1825
t3_k9667,0.1939
t3_rrtk0,0.156
t3_1je0om,0.0996
t3_16gep8,0.4571
t3_1a636c,0.2157
t3_1jr3uk,0.2204
t3_n02fx,0.249
t3_jf62c,0.1992
t3_1f2c2c,0.1648
t3_19vzo3,0.333
t3_1bezf4,0.2864
t3_1m6mpd,0.1685
t3_1d6c1g,0.1822
t3_qprm5,0.4911
t3_nylom,0.2571
t3_1da8ub,0.1193
t3_1dt792,0.1848
t3_kiwh0,0.1803
t3_x5x2l,0.125
t3_w8ha8,0.3687
t3_14ipl3,0.2006
t3_1lqgmi,0.1017
t3_18ufau,0.1281
t3_jsbkc,0.146
t3_js0jj,0.1925
t3_17g6l7,0.1798
t3_1msmge,0.2168
t3_1hr8yq,0.2643
t3_1j6osm,0.3386
t3_oqnnx,0.2523
t3_jtgug,0.2734
t3_137ka6,0.385
t3_1lvvea,0.1623
t3_r16t9,0.6405
t3_jjvsg,0.1989
t3_n01xw,0.1389
t3_w7d44,0.1382
t3_wls0u,0.1706
t3_la5nq,0.1612
t3_175kgc,0.2248
t3_1jg9ol,0.3877
t3_zaiqv,0.2033
t3_xc9l0,0.3081
t3_r4k7g,0.2622
t3_ip6t7,0.2221
t3_iarpn,0.2284
t3_14sr9h,0.3755
t3_1mg1x9,0.2262
t3_y3lhk,0.2138
t3_14usz1,0.6726
t3_om5sm,0.2372
t3_1avgfp,0.2192
t3_kppwl,0.2006
t3_rgg9c,0.1979
t3_12u2jb,0.4363
t3_iv1oe,0.4267
t3_15jae7,0.3658
t3_n8wlx,0.1774
t3_mwopz,0.1491
t3_1f8wzs,0.1048
t3_svw8j,0.4917
t3_16hgx6,0.1003
t3_qmxqc,0.1967
t3_z19d1,0.1251
t3_yjjw7,0.1588
t3_13dupc,0.133
t3_17bpmh,0.154
t3_1djsvl,0.1658
t3_pfky1,0.276
t3_ics7d,0.2634
t3_1gxorf,0.1113
t3_1894ni,0.1821
t3_14crrx,0.2785
t3_j7uvc,0.1355
t3_1c8na6,0.1588
t3_14ifug,0.2116
t3_1a6hkp,0.1282
t3_1irx8j,0.3862
t3_ikfbc,0.2154
t3_jisdc,0.1865
t3_1nabmc,0.2059
t3_13fuev,0.1526
t3_1g78k5,0.1437
t3_1m1smt,0.171
t3_jzgqa,0.1741
t3_14qxzk,0.3316
t3_ymc8x,0.1838
t3_xhk47,0.2624
t3_12hlxw,0.3104
t3_1b34e5,0.1698
t3_t0h4b,0.192
t3_r7s05,0.4826
t3_qpux2,0.2761
t3_10na75,0.098
t3_1nb10u,0.5109
t3_rpal7,0.242
t3_w275w,0.1195
t3_kdmru,0.1271
t3_k61z4,0.166
t3_zslif,0.2237
t3_itf9z,0.1676
t3_1l5diu,0.1607
t3_ktevc,0.3601
t3_1jnsxo,0.2813
t3_m0qpr,0.1974
t3_1gx5ao,0.4158
t3_1imwns,0.1728
t3_mvaiv,0.2128
t3_mkc0j,0.2392
t3_1iaod7,0.1739
t3_j0uqt,0.218
t3_1jp4vc,0.3083
t3_o4ze3,0.31
t3_1if2i0,0.3197
t3_zyecc,0.1756
t3_i8n4m,0.3234
t3_1crw8q,0.2198
t3_kwwqk,0.2842
t3_wivqj,0.1164
t3_144v2r,0.2864
t3_1mqg1b,0.2779
t3_12agz0,0.2477
t3_1ne81h,0.2565
t3_o2yuk,0.1324
t3_12ex9y,0.1523
t3_lhi6m,0.3368
t3_jz4my,0.1563
t3_k6zs5,0.3205
t3_1jdhpr,0.2327
t3_lpu5j,0.2031
t3_1m2eml,0.4113
t3_htd91,0.2359
t3_13deln,0.4019
t3_ic3dt,0.3432
t3_19vwzi,0.2372
t3_17ppx1,0.1367
t3_1lhldz,0.1344
t3_j5z5a,0.2177
t3_14tc0g,0.1078
t3_ri2u2,0.3653
t3_lorft,0.2073
t3_imjze,0.2737
t3_129a5o,0.1356
t3_xiokb,0.1628
t3_1fy1og,0.2209
t3_leccn,0.3129
t3_w738j,0.1226
t3_1ml5ot,0.2982
t3_qfcrx,0.1605
t3_1ae5ay,0.155
t3_swk1k,0.2601
t3_1n1qbc,0.4275
t3_18pvdc,0.2382
t3_v77cz,0.1266
t3_x0ymn,0.1149
t3_og5ox,0.1652
t3_1lxspb,0.1316
t3_z7xdo,0.375
t3_n02dy,0.5144
t3_i8xhn,0.2948
t3_i96f9,0.4098
t3_krx89,0.6896
t3_1cle36,0.1845
t3_hecc7,0.5355
t3_1nm9os,0.3199
t3_17gi30,0.6525
t3_ytvgx,0.3159
t3_iqumh,0.2577
t3_k3qyc,0.4264
t3_17tkid,0.3474
t3_16gm64,0.3971
t3_1iv5aj,0.2389
t3_liudo,0.419
t3_l1klc,0.4497
t3_19ywdh,0.6873
t3_zv8j4,0.7201
t3_jirtz,0.3407
t3_tfo4q,0.6362
t3_1cot73,0.3086
t3_huun2,0.6183
t3_n39i4,0.2265
t3_i77kq,0.508
t3_uz1hn,0.4037
t3_1indge,0.5382
t3_ihhbr,0.5874
t3_wa7hw,0.4804
t3_pzish,0.625
t3_10zoec,0.3444
t3_i5liz,0.2788
t3_1h29mo,0.0979
t3_i8iy4,0.3791
t3_w56fp,0.5416
t3_1is6ya,0.6316
t3_v07fz,0.4948
t3_x7u2w,0.3802
t3_ifk6u,0.4954
t3_y5vj7,0.4272
t3_kf0cy,0.4278
t3_m42qj,0.19
t3_jxj0w,0.3957
t3_iii4u,0.509
t3_1l5uzx,0.1618
t3_1ik17v,0.272
t3_10vrop,0.3014
t3_1eevnc,0.3471
t3_zy61w,0.1855
t3_wgsws,0.4434
t3_1ih8z4,0.6675
t3_iefba,0.509
t3_1euaic,0.3146
t3_18droz,0.3127
t3_hgdtf,0.4083
t3_iol8h,0.6731
t3_1fnw48,0.3957
t3_j2fxf,0.6415
t3_ihdnr,0.1889
t3_1jd94m,0.3589
t3_irgbj,0.3362
t3_qap6u,0.3546
t3_1fqagd,0.3527
t3_1meieg,0.5954
t3_j6xvd,0.2157
t3_12lehd,0.4172
t3_1jart1,0.3118
t3_10gk0h,0.4792
t3_v8f7b,0.4146
t3_xbm38,0.4264
t3_1djtso,0.7174
t3_vzxe5,0.7011
t3_1j4ytk,0.6265
t3_j6nr5,0.6403
t3_vgool,0.4359
t3_iqw0f,0.2497
t3_s80om,0.3657
t3_ip2hr,0.7089
t3_l4n9w,0.4851
t3_ialy9,0.4918
t3_qc5o5,0.4319
t3_17tw9t,0.23
t3_14talm,0.2515
t3_juayz,0.7016
t3_ot0gt,0.6656
t3_ibqzx,0.6834
t3_1go8c1,0.3436
t3_mjeye,0.2026
t3_181l4t,0.5114
t3_kn4tz,0.6615
t3_1gzjki,0.4
t3_k70pb,0.6677
t3_17crrn,0.1291
t3_10hpsk,0.6604
t3_qg1wv,0.5796
t3_15dl3p,0.243
t3_qaf9d,0.402
t3_j0ert,0.4344
t3_sydf2,0.2408
t3_jncp2,0.1898
t3_uf051,0.6532
t3_i7lvc,0.3882
t3_n6qkh,0.2626
t3_1krrqc,0.3681
t3_irgvc,0.2778
t3_wogdg,0.6196
t3_1ib7b2,0.6
t3_177ayp,0.4905
t3_ifbw5,0.3695
t3_q087s,0.6629
t3_ygzwt,0.4429
t3_113kuj,0.6942
t3_1lxybt,0.1959
t3_qrwex,0.5244
t3_19p6mc,0.1227
t3_1g2qc7,0.1131
t3_19lq75,0.3013
t3_1czkj9,0.1946
t3_15995m,0.1418
t3_1eqmt5,0.1752
t3_1mx366,0.1977
t3_wp8uc,0.1014
t3_xeedv,0.2147
t3_p3ftt,0.1335
t3_10wwjr,0.1736
t3_rt9rt,0.1464
t3_pbh5x,0.1358
t3_lcdp2,0.151
t3_1azh0f,0.4942
t3_t0mtn,0.3785
t3_tiyor,0.2212
t3_ialea,0.3109
t3_12nmdv,0.168
t3_o0l9h,0.179
t3_1l8cy1,0.1204
t3_tn97v,0.2157
t3_1kvwpq,0.1256
t3_iug9n,0.2384
t3_q0c6k,0.3016
t3_185q0b,0.3817
t3_xry1e,0.4841
t3_16yaml,0.1177
t3_is8cd,0.2261
t3_tvndu,0.1731
t3_11s3p3,0.1487
t3_j8iuv,0.3933
t3_1e920k,0.4349
t3_1lf3me,0.1057
t3_mwzrw,0.3549
t3_1mgrri,0.1726
t3_1czpg7,0.2041
t3_j4vbo,0.3467
t3_16ei1j,0.1425
t3_rwaf0,0.1394
t3_16c7pm,0.1346
t3_pr3p3,0.2839
t3_1fi04r,0.2321
t3_jjtne,0.3733
t3_lqc45,0.4706
t3_jvh8u,0.2504
t3_12p4pv,0.168
t3_uj7th,0.2508
t3_wad1r,0.1703
t3_mi7ma,0.1821
t3_1muyje,0.3673
t3_pupzc,0.3426
t3_sz4rm,0.1384
t3_1epv0f,0.1882
t3_157g5c,0.1117
t3_lstm9,0.339
t3_jmnl8,0.1653
t3_jpyr1,0.1998
t3_yvb02,0.1151
t3_mas62,0.2937
t3_10j1np,0.1753
t3_ipzg4,0.2165
t3_1cd6yv,0.3047
t3_119agf,0.1746
t3_1k175h,0.1565
t3_lushm,0.2266
t3_1crwei,0.1109
t3_1cqwsx,0.1589
t3_1b0mtx,0.1424
t3_u7588,0.1949
t3_yejtx,0.2749
t3_lvs72,0.2888
t3_iavvx,0.5158
t3_naauc,0.2361
t3_1akj1c,0.1011
t3_1hluyc,0.105
t3_1iwg9n,0.2478
t3_16noen,0.1582
t3_17la4f,0.1144
t3_iregv,0.2212
t3_j1ppy,0.3013
t3_wo6p3,0.1546
t3_m0vt8,0.1781
t3_jzkd1,0.1886
t3_1kw2e6,0.1972
t3_hvgv7,0.3892
t3_kj8a0,0.1818
t3_yftil,0.2054
t3_wns9p,0.1698
t3_w3y90,0.144
t3_16z08l,0.494
t3_1boflh,0.1623
t3_mrgd3,0.1891
t3_xd9hv,0.1741
t3_x2qzw,0.1052
t3_1k62l3,0.1089
t3_ww56x,0.2111
t3_jq2qd,0.3024
t3_15qz4q,0.2182
t3_zpi3v,0.1634
t3_18pv4q,0.2959
t3_15isv5,0.5058
t3_18u12f,0.1237
t3_1m2om7,0.15
t3_mkd95,0.1862
t3_13byqo,0.4076
t3_1jx10i,0.1453
t3_1b0jci,0.1041
t3_12hb73,0.1607
t3_12jnd7,0.1837
t3_jdfhh,0.3883
t3_jshkp,0.1847
t3_xnm2p,0.3319
t3_qlw5i,0.2392
t3_1b9o16,0.1087
t3_vpe62,0.3363
t3_150x3u,0.2488
t3_193frj,0.1181
t3_1a6oez,0.1608
t3_jf55a,0.1422
t3_yvma1,0.2312
t3_k3ocx,0.4013
t3_13tugz,0.1546
t3_pvl3a,0.1671
t3_1ll049,0.1215
t3_jmdya,0.2418
t3_tlbjk,0.1149
t3_qzqrr,0.1785
t3_v1zxp,0.388
t3_1m4s8q,0.159
t3_1mit7t,0.1098
t3_ndq9f,0.1885
t3_xoqxy,0.1472
t3_125l77,0.1779
t3_1bp2u8,0.2651
t3_1dqyg1,0.2579
t3_kcfr0,0.3709
t3_137zgp,0.3583
t3_naq48,0.1655
t3_1bbkjj,0.3566
t3_12nmjl,0.0946
t3_17sczo,0.1059
t3_16w1fs,0.2758
t3_z1zks,0.1376
t3_my2jp,0.2577
t3_15fud8,0.3524
t3_l7tdm,0.5239
t3_1ldhfb,0.1175
t3_12obj5,0.4035
t3_s14x9,0.1528
t3_mlwsc,0.1883
t3_16xtvk,0.3127
t3_pszmn,0.1929
t3_1igt9f,0.184
t3_vai9m,0.1742
t3_14vcsz,0.3125
t3_1iv28l,0.2356
t3_1h6hhv,0.383
t3_1iv6uf,0.091
t3_q1xxo,0.1597
t3_yhdcj,0.1178
t3_1005cj,0.1038
t3_zeqka,0.2235
t3_lqmfy,0.1899
t3_idq7h,0.1597
t3_kbmyh,0.615
t3_llyi4,0.1909
t3_1n6wjw,0.3108
t3_jnywu,0.1341
t3_snqsi,0.1701
t3_x8k7r,0.2814
t3_zzuu4,0.1871
t3_u08u0,0.1252
t3_wwkkm,0.193
t3_19xxso,0.1604
t3_1jggdv,0.1096
t3_j2vji,0.2673
t3_khxzm,0.1889
t3_slq9i,0.2178
t3_1d8yob,0.1429
t3_wag1s,0.2358
t3_11k0ch,0.1331
t3_s4r05,0.1328
t3_1d96q8,0.1111
t3_y3xyz,0.2018
t3_jt1ti,0.1893
t3_qzu4g,0.1694
t3_tllxh,0.3032
t3_jyi06,0.2167
t3_icpa2,0.1913
t3_121toe,0.2447
t3_pbyjt,0.3141
t3_vmld7,0.1848
t3_17rja6,0.129
t3_15xp2y,0.2582
t3_12vddw,0.1151
t3_16tazw,0.2016
t3_1bn2ov,0.165
t3_193qwb,0.1099
t3_m5gfe,0.3071
t3_xd60b,0.2236
t3_lencv,0.2025
t3_rkhub,0.1862
t3_oifsx,0.1783
t3_1e9rou,0.2146
t3_154oxy,0.1544
t3_ud0gj,0.217
t3_kx1pn,0.4261
t3_18c4e9,0.1832
t3_1foy3z,0.2994
t3_1mwqc3,0.173
t3_oseds,0.3606
t3_1cw1ms,0.1072
t3_11hcyw,0.0973
t3_y80tw,0.1833
t3_1cyenp,0.4599
t3_1e2v32,0.1401
t3_10tv7s,0.1133
t3_14wvfb,0.1508
t3_ndcvq,0.2485
t3_j3nnl,0.5384
t3_1nbrku,0.6017
t3_jijg7,0.1283
t3_wzgke,0.2756
t3_qdtn7,0.1852
t3_zq12j,0.2359
t3_kdstl,0.1462
t3_lgtm6,0.1343
t3_icu7p,0.203
t3_1m53fu,0.1223
t3_ziw36,0.2086
t3_1lsrj5,0.3856
t3_16lcq8,0.2842
t3_1kilzb,0.0989
t3_x7px3,0.1431
t3_mg1zt,0.3782
t3_id14p,0.3252
t3_v3r93,0.2445
t3_11q44h,0.1112
t3_10a2dc,0.1512
t3_1lfrlc,0.1025
t3_jzcyp,0.1688
t3_n6s1i,0.3231
t3_1bnc88,0.1526
t3_11b1ti,0.1673
t3_w6c9t,0.1859
t3_mdhq5,0.2017
t3_hwxwd,0.1779
t3_10uh4n,0.2321
t3_xwkff,0.0987
t3_kvy1i,0.1691
t3_153cst,0.1693
t3_1lu5yo,0.0901
t3_1kxzgl,0.1833
t3_y6aab,0.2761
t3_1k1xs4,0.396
t3_lyy5x,0.1633
t3_1126jt,0.1151
t3_pw2mi,0.1046
t3_y3hef,0.3277
t3_1kn4ge,0.2133
t3_1dkhn2,0.1514
t3_1gy3zk,0.1006
t3_z9ck0,0.1395
t3_w7fjy,0.3422
t3_zs6gr,0.2227
t3_vwclz,0.1336
t3_1ci2kn,0.2186
t3_y9nfg,0.3688
t3_17pmtu,0.1261
t3_jxh9m,0.2897
t3_k0ilx,0.1776
t3_kly75,0.2491
t3_jcm20,0.2902
t3_12zak9,0.3682
t3_1fr5bm,0.1727
t3_j7us6,0.1728
t3_1ipgcx,0.2211
t3_1lsr9x,0.2477
t3_1hav4d,0.3066
t3_z1lre,0.2929
t3_iczu2,0.2623
t3_1mnkgu,0.2942
t3_1cylzs,0.1168
t3_puk2v,0.1465
t3_l4640,0.1995
t3_1k5ss6,0.1364
t3_1c01o8,0.0969
t3_lp6lv,0.1371
t3_utp3h,0.1381
t3_1blyk4,0.1651
t3_1mjo0g,0.1761
t3_rjp1j,0.184
t3_t22lo,0.4713
t3_1awfml,0.2643
t3_1msxkn,0.1209
t3_icou8,0.2756
t3_1fbfeg,0.1318
